surface,group,name,type,description,retired,source,source_line
C configuration,bool,OVRTX_CONFIG_SYNC_MODE,bool,"If true, stream operations execute synchronously (enqueue blocks). Init and create_renderer.",False,/home/dillonb/DEV/skills-src/ovrtx/include/ovrtx/ovrtx_types.h,869
C configuration,bool,OVRTX_CONFIG_ENABLE_PROFILING,bool,"If true, enables internal profiling. Init and create_renderer.",False,/home/dillonb/DEV/skills-src/ovrtx/include/ovrtx/ovrtx_types.h,871
C configuration,bool,OVRTX_CONFIG_READ_GPU_TRANSFORMS,bool,"If true, uses GPU world transform propagation during rendering. Create_renderer.",False,/home/dillonb/DEV/skills-src/ovrtx/include/ovrtx/ovrtx_types.h,873
C configuration,bool,OVRTX_CONFIG_KEEP_SYSTEM_ALIVE,bool,"If true, keeps the renderer system alive after all instances are destroyed (for reuse). Create_renderer.",False,/home/dillonb/DEV/skills-src/ovrtx/include/ovrtx/ovrtx_types.h,875
C configuration,bool,OVRTX_CONFIG_DEPRECATED_4,bool,Retired OVRTX_CONFIG_USE_VULKAN slot. Passing this key returns an error.,True,/home/dillonb/DEV/skills-src/ovrtx/include/ovrtx/ovrtx_types.h,877
C configuration,bool,OVRTX_CONFIG_SELECTION_OUTLINE_ENABLED,bool,"If true, enables the selection outline postprocessing pass. Create_renderer. When not specified, defaults to true.",False,/home/dillonb/DEV/skills-src/ovrtx/include/ovrtx/ovrtx_types.h,880
C configuration,bool,OVRTX_CONFIG_ENABLE_GEOMETRY_STREAMING,bool,"If true, enables geometry streaming. Create_renderer. When not specified, defaults to false.",False,/home/dillonb/DEV/skills-src/ovrtx/include/ovrtx/ovrtx_types.h,883
C configuration,bool,OVRTX_CONFIG_ENABLE_GEOMETRY_STREAMING_LOD,bool,API key for the geometry streaming LOD opt-in flag. Create_renderer.,False,/home/dillonb/DEV/skills-src/ovrtx/include/ovrtx/ovrtx_types.h,885
C configuration,bool,OVRTX_CONFIG_ENABLE_SPG,bool,"If false, disables Sensor Processing Graphs (SPG), default: enabled. This is a global setting, applying to all active renderer instances.",False,/home/dillonb/DEV/skills-src/ovrtx/include/ovrtx/ovrtx_types.h,888
C configuration,bool,OVRTX_CONFIG_SUPPRESS_DEPRECATION_WARNINGS,bool,"If true, suppresses runtime deprecation warnings emitted by legacy OVRTX APIs. Compile-time deprecation diagnostics are unaffected. Create_renderer.",False,/home/dillonb/DEV/skills-src/ovrtx/include/ovrtx/ovrtx_types.h,891
C configuration,string,OVRTX_CONFIG_BINARY_PACKAGE_ROOT_PATH,string,Path to OVRTX binary package root. Loader uses for dylib and resources. Init and create_renderer (must match).,False,/home/dillonb/DEV/skills-src/ovrtx/include/ovrtx/ovrtx_types.h,900
C configuration,string,OVRTX_CONFIG_LOG_FILE_PATH,string,Log file path for carb logging. Applied when first renderer is created. Init and create_renderer.,False,/home/dillonb/DEV/skills-src/ovrtx/include/ovrtx/ovrtx_types.h,902
C configuration,string,OVRTX_CONFIG_LOG_LEVEL,string,"Log level for carb logging (e.g. ""verbose"", ""info"", ""warn"", ""error""). Init and create_renderer.",False,/home/dillonb/DEV/skills-src/ovrtx/include/ovrtx/ovrtx_types.h,904
C configuration,string,OVRTX_CONFIG_ACTIVE_CUDA_GPUS,string,"Comma-separated CUDA device indices to use (e.g. ""0,1,2""). Create_renderer.",False,/home/dillonb/DEV/skills-src/ovrtx/include/ovrtx/ovrtx_types.h,906
C configuration,string,OVRTX_CONFIG_DATASTORE_CACHE,string,"Protocol-prefixed datastore cache configuration used by UJITSO. Supported values: ""grpcdns://host:port"", ""grpcdns_notls://host:port"", and ""local://path"". System-level; init and create_renderer values must match when both are specified.",False,/home/dillonb/DEV/skills-src/ovrtx/include/ovrtx/ovrtx_types.h,910
C configuration,string,OVRTX_CONFIG_SENSORS_ALLOWED_DEPRECATION_BASE,string,"Allow all soft-deprecated sensor versions, but only while pinned to a specific framework release: ""<major>.<minor>.<patch>"". (e.g. ""0.4.0""). Any other value (or unset) allows none.",False,/home/dillonb/DEV/skills-src/ovrtx/include/ovrtx/ovrtx_types.h,913
C configuration,int64,OVRTX_CONFIG_SELECTION_OUTLINE_WIDTH,int64,Selection outline width in pixels. Valid range 0..15 (15 is the underlying RTX outline pipeline cap). Init-time only; changing requires renderer recreation. Default: 2 (set by the underlying renderer).,False,/home/dillonb/DEV/skills-src/ovrtx/include/ovrtx/ovrtx_types.h,922
C configuration,int64,OVRTX_CONFIG_SELECTION_FILL_MODE,int64,Selection-outline interior (fill) mode. Value type: @ref ovrtx_selection_fill_mode_t. Out-of-range values are clamped by the renderer. Init-time only; changing requires renderer recreation. Default: @ref OVRTX_SELECTION_FILL_MODE_GLOBAL.,False,/home/dillonb/DEV/skills-src/ovrtx/include/ovrtx/ovrtx_types.h,927
C configuration,int64,OVRTX_CONFIG_MOTION_BVH,int64,"Motion BVH mode. Value type: @ref ovrtx_motion_bvh_t. Init-time only; changing requires renderer recreation. When not specified, defaults to @ref OVRTX_MOTION_BVH_DISABLE.",False,/home/dillonb/DEV/skills-src/ovrtx/include/ovrtx/ovrtx_types.h,931
C configuration,int64,OVRTX_CONFIG_INT64_DEPRECATED_4,int64,"Retired OVRTX_CONFIG_DOME_BAKING_RESOLUTION slot, replaced by the per-RenderProduct 'omni:rtx:lights:dome:baking:resolution' attribute. Passing this key returns an error. It shipped as 4 in ovrtx 0.4.1, so do not reuse the value for a new key: a config array built against those headers would then be misread as that key instead of rejected.",True,/home/dillonb/DEV/skills-src/ovrtx/include/ovrtx/ovrtx_types.h,936
C configuration,int64,OVRTX_CONFIG_TEXTURE_STREAMING_MODE,int64,"Texture streaming mode. Value type: @ref ovrtx_texture_streaming_mode_t. Invalid values cause renderer creation to fail. When omitted, defaults to @ref OVRTX_TEXTURE_STREAMING_ASYNCHRONOUS. Process-global; changing affects all active renderer instances.",False,/home/dillonb/DEV/skills-src/ovrtx/include/ovrtx/ovrtx_types.h,941
C configuration,int64,OVRTX_CONFIG_AFTERMATH_MODE,int64,"NVIDIA Nsight Aftermath mode. Value type: @ref ovrtx_aftermath_mode_t. @ref OVRTX_AFTERMATH_DISABLE skips Aftermath initialization, @ref OVRTX_AFTERMATH_ENABLE selects explicit diagnostics initialization, and omitted or @ref OVRTX_AFTERMATH_AUTO selects the initialization mode automatically. This setting is process-global and must match the first renderer while the renderer system is alive.",False,/home/dillonb/DEV/skills-src/ovrtx/include/ovrtx/ovrtx_types.h,947
